{
    "parameter": {
        "var_smoothing": 2.8282345379445083e-06
    },
    "metrics": {
        "f1": 0.1561795058679405,
        "precision": 0.1889103591663515,
        "accuracy": 0.2084147912647185,
        "recall": 0.2084147912647185
    }
}